"","competition_id","season_id","match_id","time_bin","cur_home_score","cur_away_score","future_goals_home","future_goals_away","start_loc_x","start_loc_y","end_loc_x","end_loc_y"
"1",0,0,0,0,0,0,0,0,0,0,0,0
"2",16,4,22912,0,0,0,0,2,59,39,15.7,54.2
"3",16,4,22912,1,0,1,0,1,11.8,39.9,1,40
"4",16,4,22912,2,0,1,0,1,60,40,63.8,64.2
"5",16,4,22912,3,0,1,0,1,75.4,79,49.7,2
"6",16,4,22912,4,0,1,0,1,64.4,2,76.4,57.5
"7",16,4,22912,5,0,1,0,1,25.3,53.5,13.6,33.6
"8",16,4,22912,6,0,1,0,1,35.7,0,96.6,1
"9",16,4,22912,7,0,1,0,1,90.3,20.9,47,30
"10",16,4,22912,8,0,1,0,1,50.3,51.4,94.9,49
"11",16,4,22912,9,0,1,0,1,7.90000000000001,53.2,14.4,42.4
"12",16,4,22912,10,0,1,0,1,77.7,46.6,77.7,4.1
"13",16,4,22912,11,0,1,0,1,80.4,12.8,3.3,32.7
"14",16,4,22912,12,0,1,0,1,54.8,11.3,97,77.5
"15",16,4,22912,13,0,1,0,1,93.7,79,63.2,56.9
"16",16,4,22912,14,0,1,0,1,50.8,62.6,90.7,40.5
"17",16,4,22912,15,0,1,0,1,90.7,24.4,42.1,13
"18",16,4,22912,16,0,1,0,1,69.7,12.5,75.8,51.7
"19",16,4,22912,17,0,1,0,1,70.3,60.7,86.9,57.1
"20",16,4,22912,18,0,1,0,1,89,56.7,26.8,22.3
"21",16,4,22912,19,0,1,0,1,24.8,32.8,4,37.2
"22",16,4,22912,20,0,1,0,1,27.3,0,17.4,75
"23",16,4,22912,21,0,1,0,1,6.7,35.5,2.8,56.5
"24",16,4,22912,22,0,1,0,1,0,79,35.4,61.5
"25",16,4,22912,23,0,1,0,1,35.6,63,69.7,64
"26",16,4,22912,24,0,1,0,1,64.7,79,38.1,2.2
"27",16,4,22912,25,0,1,0,1,35.2,2.5,93.2,39.7
"28",16,4,22912,26,0,1,0,1,97.5,22.5,37.6,39.9
"29",16,4,22912,27,0,1,0,1,6,36,96,51.5
"30",16,4,22912,28,0,1,0,1,81.9,71.2,32.3,30.6
"31",16,4,22912,29,0,1,0,1,44,45.7,88.8,1.7
"32",16,4,22912,30,0,1,0,1,69.2,30.8,68.8,76.4
"33",16,4,22912,31,0,1,0,1,91.6,61.6,106.3,66.2
"34",16,4,22912,32,0,1,0,1,90.3,72.1,10,35.3
"35",16,4,22912,33,0,1,0,1,6,36,30.6,2.9
"36",16,4,22912,34,0,1,0,1,23,3.7,72.7,72.3
"37",16,4,22912,35,0,1,0,1,21.6,59.6,0.9,39.7
"38",16,4,22912,37,0,1,0,1,6,36,28.1,79
"39",16,4,22912,38,0,1,0,1,21,67,0.9,40.3
"40",16,4,22912,39,0,1,0,1,0,79,40.5,37.8
"41",16,4,22912,40,0,1,0,1,42.3,46.6,98.9,54.2
"42",16,4,22912,41,0,1,0,1,97.5,57.1,118.4,39.4
"43",16,4,22912,42,0,1,0,1,113,35,78.3,76.2
"44",16,4,22912,43,0,1,0,1,70.7,71.8,51.1,66.7
"45",16,4,22912,44,0,1,0,1,36.8,48.6,110.5,65.5
"46",16,4,22912,45,0,1,0,1,101.5,68,65.4,77.9
"47",16,4,22912,46,0,1,0,1,73.8,80,57.6,4.5
"48",16,4,22912,47,0,1,0,1,49.4,0,78.4,28.4
"49",16,4,22912,48,0,1,0,1,78.9,29.6,58.6,10.1
"50",16,4,22912,49,0,1,0,1,64.6,1,103.4,73.7
"51",16,4,22912,50,0,1,0,1,77.9,79,29.9,52.1
"52",16,4,22912,51,0,1,0,1,54.5,77.6,113.1,2.5
"53",16,4,22912,52,0,1,0,1,43.6,7,105.6,31.1
"54",16,4,22912,53,0,1,0,1,51.1,1,86.3,34.7
"55",16,4,22912,54,0,1,0,1,71.1,25.5,116.2,37.5
"56",16,4,22912,55,0,1,0,1,120,1,45.6,66.5
"57",16,4,22912,56,0,1,0,1,44.5,63.3,42.6,24.3
"58",16,4,22912,57,0,1,0,1,39,48,94.1,37.8
"59",16,4,22912,58,0,1,0,1,100.6,49.6,27.9,2.9
"60",16,4,22912,59,0,1,0,1,26.2,0,78.1,16.5
"61",16,4,22912,60,0,1,0,1,69.9,14.8,14.7,12.5
"62",16,4,22912,61,0,1,0,1,18.6,14.7,42.9,75.7
"63",16,4,22912,62,0,1,0,1,42.2,80,108.5,45.5
"64",16,4,22912,63,0,1,0,1,93.1,67.9,8.7,24.3
"65",16,4,22912,64,0,1,0,1,10.5,0,64.1,43.4
"66",16,4,22912,65,0,1,0,1,32.8,28,31.8,54.5
"67",16,4,22912,66,0,1,0,1,90.7,29.4,108.1,66
"68",16,4,22912,67,0,1,0,1,114.1,39.8,10.1,38.3
"69",16,4,22912,68,0,1,0,1,38,79,64.1,45.2
"70",16,4,22912,69,0,1,0,1,19.4,42.3,107,24.7
"71",16,4,22912,70,0,1,0,1,75.9,80,44.3,10.7
"72",16,4,22912,71,0,1,0,1,57.4,6.40000000000001,110.9,22.4
"73",16,4,22912,72,0,1,0,1,111.1,22.4,55.5,67
"74",16,4,22912,73,0,1,0,1,98.9,32.5,69.9,14
"75",16,4,22912,74,0,1,0,1,69.7,21.6,118.9,40.5
"76",16,4,22912,75,0,1,0,1,114,36,107.1,44.3
"77",16,4,22912,76,0,1,0,1,85.6,76.6,4.6,33.9
"78",16,4,22912,77,0,1,0,1,0,0,26.4,26.6
"79",16,4,22912,78,0,1,0,1,1.8,39.3,108.1,17.1
"80",16,4,22912,79,0,1,0,1,104,16.9,119,39.6
"81",16,4,22912,80,0,1,0,1,120,80,27.5,54.7
"82",16,4,22912,81,0,1,0,1,15.9,41.4,10.6,32.5
"83",16,4,22912,82,0,1,0,1,0,0,1.3,42
"84",16,4,22912,83,0,2,0,0,61,41,108.1,32
"85",16,4,22912,84,0,2,0,0,114,36,35.9,61.9
"86",16,4,22912,85,0,2,0,0,51.3,48.2,106.5,43.3
"87",16,4,22912,86,0,2,0,0,103.5,40,120,80
"88",16,4,22912,87,0,2,0,0,111.9,46,84.3,25.3
"89",16,4,22912,88,0,2,0,0,97.4,26,91.8,27.4
"90",16,4,22912,89,0,2,0,0,90.4,27,9.1,21.6
"91",16,1,18245,0,0,0,3,1,60,40,76.6,6.09999999999999
"92",16,1,18245,1,0,0,3,1,77.7,4.6,70,76
"93",16,1,18245,2,0,0,3,1,74.5,76,15.4,80
"94",16,1,18245,3,0,0,3,1,27.4,73.9,24,16.5
"95",16,1,18245,4,0,0,3,1,21.5,16.9,71.1,11.9
"96",16,1,18245,5,0,0,3,1,61.6,13.9,70.3,4.2
"97",16,1,18245,6,0,0,3,1,70.3,11,35.3,18.6
"98",16,1,18245,7,0,0,3,1,40.8,13.8,1.8,43.1
"99",16,1,18245,8,0,0,3,1,7,36.1,56.4,15.2
"100",16,1,18245,9,0,0,3,1,48.8,28.2,47.8,9.1
"101",16,1,18245,10,0,0,3,1,42.9,9.4,42.9,8.7
"102",16,1,18245,11,0,0,3,1,9.2,37.3,49.1,20.2
"103",16,1,18245,12,0,0,3,1,42.1,22.9,79.7,2.6
"104",16,1,18245,13,0,0,3,1,83.4,0,118,44.9
"105",16,1,18245,14,0,0,3,1,114,44,76.9,68.7
"106",16,1,18245,15,0,0,3,1,92.1,75.7,24.3,56
"107",16,1,18245,16,0,0,3,1,28.8,73,7,44.1
"108",16,1,18245,17,0,0,3,1,11.4,63.2,69,2.8
"109",16,1,18245,18,0,0,3,1,70.7,0,75.5,5.90000000000001
"110",16,1,18245,19,0,0,3,1,28.4,12.8,57,68
"111",16,1,18245,20,0,0,3,1,57.1,66.8,7.90000000000001,66.5
"112",16,1,18245,21,0,0,3,1,5.2,65.6,29.8,12.5
"113",16,1,18245,22,0,0,3,1,51.3,5.5,49.7,0
"114",16,1,18245,23,0,0,3,1,34.4,13.4,42.3,72.9
"115",16,1,18245,24,0,0,3,1,42.9,72.6,48.2,30.9
"116",16,1,18245,25,0,0,3,1,64.3,35.1,4.4,40.6
"117",16,1,18245,28,0,0,3,1,6.8,41.2,117.6,44.4
"118",16,1,18245,29,0,0,3,1,104.2,80,84.8,78.8
"119",16,1,18245,30,0,0,3,1,77.4,73.7,63.1,12.1
"120",16,1,18245,31,0,0,3,1,62.9,13.5,70.8,66.1
"121",16,1,18245,33,0,0,3,1,49.7,79.9,55.2,41.3
"122",16,1,18245,34,0,0,3,1,76.8,22.6,98.6,6.4
"123",16,1,18245,35,0,0,3,1,84.6,28,117,65
"124",16,1,18245,36,0,0,3,1,120,80,42.3,5.6
"125",16,1,18245,37,0,0,3,1,42.3,5.6,70.4,9.4
"126",16,1,18245,38,0,0,3,1,98,22.1,67.6,29.4
"127",16,1,18245,39,0,0,3,1,55.3,45,114.8,41.4
"128",16,1,18245,40,0,0,3,1,110.1,39.5,106.1,8
"129",16,1,18245,41,0,0,3,1,107.2,13.5,107.4,45.3
"130",16,1,18245,42,0,0,3,1,106.4,46,115.6,19.5
"131",16,1,18245,43,0,0,3,1,120,0.1,42.2,25.9
"132",16,1,18245,44,0,0,3,1,80.5,2.9,60.7,13.4
"133",16,1,18245,45,0,0,3,1,60,40,16.5,57
"134",16,1,18245,46,0,0,3,1,18.5,57.8,64.5,21
"135",16,1,18245,47,0,0,3,1,56.4,44.1,116.9,31.7
"136",16,1,18245,48,0,0,3,1,110.7,28.8,40.7,76.3
"137",16,1,18245,49,0,0,3,1,35.5,75.4,68.1,43.2
"138",16,1,18245,50,0,0,3,1,99.7,48,105,47.7
"139",16,1,18245,51,1,0,2,1,59,39.9,41.4,13.6
"140",16,1,18245,52,1,0,2,1,44.6,18.9,78.5,0
"141",16,1,18245,53,1,0,2,1,90.9,18.8,8.9,43.6
"142",16,1,18245,54,1,0,2,1,0,0,0.9,39.3
"143",16,1,18245,55,1,1,2,0,60,40,105.2,19.7
"144",16,1,18245,56,1,1,2,0,116.8,18.9,75.3,4.40000000000001
"145",16,1,18245,57,1,1,2,0,79.7,0.1,63.4,3.7
"146",16,1,18245,58,1,1,2,0,66.3,3.7,91.9,4.5
"147",16,1,18245,59,1,1,2,0,91.5,25.6,100,72
"148",16,1,18245,60,1,1,2,0,98.5,69.5,105.8,40.8
"149",16,1,18245,61,1,1,2,0,102.6,29,102.9,17.9
"150",16,1,18245,62,1,1,2,0,99.1,14.8,117.6,38.8
"151",16,1,18245,63,2,1,1,0,59,39.9,49.3,25.4
"152",16,1,18245,64,2,1,1,0,56.4,72,84.5,3.1
"153",16,1,18245,65,2,1,1,0,91.5,11.3,110.8,64.3
"154",16,1,18245,66,2,1,1,0,113,43.9,17.3,22.1
"155",16,1,18245,67,2,1,1,0,17.4,22.2,3,36.2
"156",16,1,18245,68,2,1,1,0,22,0,40.3,77.3
"157",16,1,18245,69,2,1,1,0,44.3,79.9,42.8,57.6
"158",16,1,18245,70,2,1,1,0,48.1,62.8,43.6,19.7
"159",16,1,18245,71,2,1,1,0,49.8,12.6,112.5,38.8
"160",16,1,18245,72,2,1,1,0,120,0.1,84.8,68.7
"161",16,1,18245,73,2,1,1,0,83.6,69,42.2,12.6
"162",16,1,18245,74,2,1,1,0,41.4,10.2,48.3,50.4
"163",16,1,18245,75,2,1,1,0,28.7,2.40000000000001,35.2,1.6
"164",16,1,18245,76,2,1,1,0,49.7,3.1,63.3,75.6
"165",16,1,18245,77,2,1,1,0,64.9,80,78.9,73.9
"166",16,1,18245,78,2,1,1,0,76.5,71.3,76.5,15.3
"167",16,1,18245,79,2,1,1,0,69.3,0.1,45.8,7.4
"168",16,1,18245,80,2,1,1,0,45.8,7.4,118.8,41.5
"169",16,1,18245,81,3,1,0,0,59,39.9,107,46.3
"170",16,1,18245,82,3,1,0,0,120,80,117.6,74.2
"171",16,1,18245,83,3,1,0,0,120,80,82.9,1.8
"172",16,1,18245,84,3,1,0,0,71.5,3,13.5,47.3
"173",16,1,18245,85,3,1,0,0,16.8,41.1,16.8,41.1
"174",16,1,18245,86,3,1,0,0,85,45.9,19.4,71.9
"175",16,1,18245,87,3,1,0,0,21.7,72.8,51.1,9
"176",16,1,18245,88,3,1,0,0,49.3,15.3,104.3,6.2
"177",16,1,18245,89,3,1,0,0,103.2,2.5,84.8,71.3
"178",16,2,18244,0,0,0,1,4,61,41,90,23
"179",16,2,18244,1,0,0,1,4,93,24,49,77
"180",16,2,18244,2,0,0,1,4,31,79,57,79
"181",16,2,18244,3,0,0,1,4,67,73,44,77
"182",16,2,18244,4,0,0,1,4,64,80,47,71
"183",16,2,18244,5,0,0,1,4,58,80,114,19
"184",16,2,18244,6,0,0,1,4,110,27,85,40
"185",16,2,18244,7,0,0,1,4,81,40,43,55
"186",16,2,18244,8,0,0,1,4,106,36,63,74
"187",16,2,18244,9,0,0,1,4,52,67,56,29
"188",16,2,18244,10,0,0,1,4,63,34,50,54
"189",16,2,18244,11,0,0,1,4,50,54,14,44
"190",16,2,18244,12,0,0,1,4,21,71,52,79
"191",16,2,18244,13,0,0,1,4,55,74,59,46
"192",16,2,18244,14,0,0,1,4,63,44,51,60
"193",16,2,18244,15,0,0,1,4,50,61,44,65
"194",16,2,18244,16,0,0,1,4,33,74,21,40
"195",16,2,18244,17,0,0,1,4,12,60,86,72
"196",16,2,18244,18,0,0,1,4,94,64,3,39
"197",16,2,18244,19,0,1,1,3,61,41,68,56
"198",16,2,18244,20,0,1,1,3,86,54,118,43
"199",16,2,18244,21,0,1,1,3,100,60,52,6
"200",16,2,18244,22,0,1,1,3,56,22,101,30
"201",16,2,18244,23,0,1,1,3,117,32,107,39
"202",16,2,18244,24,0,1,1,3,101,41,118,38
"203",16,2,18244,25,1,1,0,3,60,40,24,66
"204",16,2,18244,26,1,1,0,3,8,45,26,6
"205",16,2,18244,27,1,1,0,3,23,0,77,5
"206",16,2,18244,28,1,1,0,3,44,55,67,42
"207",16,2,18244,29,1,1,0,3,66,43,76,19
"208",16,2,18244,30,1,1,0,3,78,20,79,62
"209",16,2,18244,31,1,1,0,3,92,51,66,24
"210",16,2,18244,32,1,1,0,3,65,24,78,28
"211",16,2,18244,33,1,1,0,3,81,27,97,6
"212",16,2,18244,34,1,1,0,3,114,8,108,43
"213",16,2,18244,35,1,1,0,3,106,44,49,21
"214",16,2,18244,36,1,1,0,3,51,0,54,78
"215",16,2,18244,37,1,1,0,3,57,75,17,34
"216",16,2,18244,38,1,1,0,3,16,41,73,28
"217",16,2,18244,39,1,1,0,3,73,28,58,47
"218",16,2,18244,40,1,1,0,3,53,51,67,54
"219",16,2,18244,41,1,1,0,3,63,67,3,41
"220",16,2,18244,42,1,1,0,3,7,41,16,23
"221",16,2,18244,43,1,1,0,3,16,23,46,76
"222",16,2,18244,44,1,1,0,3,59,39,71,75
"223",16,2,18244,45,1,1,0,3,103,39,87,10
"224",16,2,18244,46,1,1,0,3,81,7,5,36
"225",16,2,18244,48,1,1,0,3,6,40,90,75
"226",16,2,18244,49,1,1,0,3,76,67,34,52
"227",16,2,18244,50,1,1,0,3,63,79,38,3
"228",16,2,18244,51,1,1,0,3,39,4,55,65
"229",16,2,18244,52,1,1,0,3,59,74,55,34
"230",16,2,18244,53,1,1,0,3,62,6,47,60
"231",16,2,18244,54,1,1,0,3,69,57,82,63
"232",16,2,18244,55,1,1,0,3,70,62,22,59
"233",16,2,18244,56,1,1,0,3,22,59,6,40
"234",16,2,18244,57,1,1,0,3,63,8,14,10
"235",16,2,18244,58,1,1,0,3,14,11,1,40
"236",16,2,18244,59,1,2,0,2,60,40,72,13
"237",16,2,18244,60,1,2,0,2,85,11,42,80
"238",16,2,18244,61,1,2,0,2,50,79,1,37
"239",16,2,18244,62,1,3,0,1,60,40,104,31
"240",16,2,18244,63,1,3,0,1,90,22,68,9
"241",16,2,18244,64,1,3,0,1,51,4,81,8
"242",16,2,18244,65,1,3,0,1,87,8,2,14
"243",16,2,18244,66,1,3,0,1,6,40,93,59
"244",16,2,18244,67,1,3,0,1,85,46,95,13
"245",16,2,18244,68,1,3,0,1,28,75,49,57
"246",16,2,18244,69,1,3,0,1,50,50,43,39
"247",16,2,18244,70,1,3,0,1,52,31,63,26
"248",16,2,18244,71,1,3,0,1,48,4,2,40
"249",16,2,18244,72,1,3,0,1,6,40,33,55
"250",16,2,18244,74,1,3,0,1,33,54,92,55
"251",16,2,18244,75,1,3,0,1,91,55,86,3
"252",16,2,18244,76,1,3,0,1,76,0,8,5
"253",16,2,18244,77,1,3,0,1,10,7,118,40
"254",16,2,18244,78,1,3,0,1,113,39,113,39
"255",16,2,18244,79,1,3,0,1,40,72,94,75
"256",16,2,18244,80,1,3,0,1,91,80,10,37
"257",16,2,18244,81,1,3,0,1,15,19,85,22
"258",16,2,18244,82,1,3,0,1,85,33,56,55
"259",16,2,18244,83,1,3,0,1,103,23,69,53
"260",16,2,18244,84,1,3,0,1,66,69,79,72
"261",16,2,18244,85,1,3,0,1,89,79,1,39
"262",16,2,18244,86,1,3,0,1,3,75,1,43
"263",16,2,18244,87,1,4,0,0,60,40,83,54
"264",16,2,18244,88,1,4,0,0,84,20,55,75
"265",16,2,18244,89,1,4,0,0,51,68,69,5
"266",16,27,18243,0,0,0,1,1,59,39,47,9
"267",16,27,18243,1,0,0,1,1,42,9,62,2
"268",16,27,18243,2,0,0,1,1,59,0,46,1
"269",16,27,18243,3,0,0,1,1,57,1,28,1
"270",16,27,18243,4,0,0,1,1,21,0,98,62
"271",16,27,18243,5,0,0,1,1,100,63,35,8
"272",16,27,18243,6,0,0,1,1,31,21,56,18
"273",16,27,18243,7,0,0,1,1,52,19,26,61
"274",16,27,18243,8,0,0,1,1,6,39,104,64
"275",16,27,18243,9,0,0,1,1,99,72,69,70
"276",16,27,18243,10,0,0,1,1,62,69,8,62
"277",16,27,18243,11,0,0,1,1,13,64,41,1
"278",16,27,18243,12,0,0,1,1,42,2,53,40
"279",16,27,18243,13,0,0,1,1,57,68,118,39
"280",16,27,18243,14,1,0,0,1,59,39,73,50
"281",16,27,18243,15,1,0,0,1,66,45,70,51
"282",16,27,18243,16,1,0,0,1,69,28,117,15
"283",16,27,18243,17,1,0,0,1,113,39,93,56
"284",16,27,18243,18,1,0,0,1,87,76,90,76
"285",16,27,18243,19,1,0,0,1,92,80,90,62
"286",16,27,18243,20,1,0,0,1,92,63,6,46
"287",16,27,18243,21,1,0,0,1,69,46,40,8
"288",16,27,18243,22,1,0,0,1,45,74,21,66
"289",16,27,18243,23,1,0,0,1,15,67,49,48
"290",16,27,18243,24,1,0,0,1,89,41,68,54
"291",16,27,18243,25,1,0,0,1,64,55,58,26
"292",16,27,18243,26,1,0,0,1,53,29,56,34
"293",16,27,18243,27,1,0,0,1,62,29,3,56
"294",16,27,18243,28,1,0,0,1,0,79,28,60
"295",16,27,18243,29,1,0,0,1,6,40,57,23
"296",16,27,18243,30,1,0,0,1,40,5,62,1
"297",16,27,18243,31,1,0,0,1,63,0,15,40
"298",16,27,18243,32,1,0,0,1,72,9,12,68
"299",16,27,18243,33,1,0,0,1,16,70,79,35
"300",16,27,18243,34,1,0,0,1,63,30,16,77
"301",16,27,18243,35,1,0,0,1,21,65,56,1
"302",16,27,18243,36,1,0,0,1,57,1,39,28
"303",16,27,18243,37,1,0,0,1,33,37,53,51
"304",16,27,18243,38,1,0,0,1,50,65,76,32
"305",16,27,18243,39,1,0,0,1,63,39,51,41
"306",16,27,18243,40,1,0,0,1,46,49,81,60
"307",16,27,18243,41,1,0,0,1,73,54,75,18
"308",16,27,18243,42,1,0,0,1,69,15,95,62
"309",16,27,18243,43,1,0,0,1,79,60,61,56
"310",16,27,18243,44,1,0,0,1,43,74,15,39
"311",16,27,18243,45,1,0,0,1,12,40,73,76
"312",16,27,18243,46,1,0,0,1,103,41,44,35
"313",16,27,18243,47,1,0,0,1,44,40,92,33
"314",16,27,18243,48,1,0,0,1,92,33,15,47
"315",16,27,18243,50,1,0,0,1,49,79,9,43
"316",16,27,18243,51,1,0,0,1,13,45,2,41
"317",16,27,18243,52,1,0,0,1,7,41,48,52
"318",16,27,18243,53,1,0,0,1,46,54,63,28
"319",16,27,18243,54,1,0,0,1,74,53,27,56
"320",16,27,18243,55,1,0,0,1,11,17,7,41
"321",16,27,18243,56,1,0,0,1,81,42,2,43
"322",16,27,18243,57,1,0,0,1,7,41,63,28
"323",16,27,18243,58,1,0,0,1,65,28,63,43
"324",16,27,18243,59,1,0,0,1,79,60,63,65
"325",16,27,18243,60,1,0,0,1,34,56,3,42
"326",16,27,18243,61,1,0,0,1,7,41,2,25
"327",16,27,18243,62,1,0,0,1,7,41,90,5
"328",16,27,18243,63,1,0,0,1,91,1,95,58
"329",16,27,18243,64,1,0,0,1,97,64,119,40
"330",16,27,18243,65,1,0,0,1,120,1,95,20
"331",16,27,18243,66,1,0,0,1,67,40,29,62
"332",16,27,18243,67,1,0,0,1,39,46,117,37
"333",16,27,18243,68,1,0,0,1,105,38,116,11
"334",16,27,18243,69,1,0,0,1,98,0,7,60
"335",16,27,18243,70,1,0,0,1,10,59,15,65
"336",16,27,18243,71,1,0,0,1,20,70,56,25
"337",16,27,18243,72,1,0,0,1,47,68,41,79
"338",16,27,18243,73,1,0,0,1,36,79,29,3
"339",16,27,18243,74,1,0,0,1,31,1,104,45
"340",16,27,18243,75,1,0,0,1,111,49,3,41
"341",16,27,18243,77,1,1,0,0,61,41,44,67
"342",16,27,18243,78,1,1,0,0,44,79,78,7
"343",16,27,18243,79,1,1,0,0,78,0,39,24
"344",16,27,18243,80,1,1,0,0,57,47,68,14
"345",16,27,18243,81,1,1,0,0,69,26,119,36
"346",16,27,18243,82,1,1,0,0,120,1,57,56
"347",16,27,18243,83,1,1,0,0,22,37,104,79
"348",16,27,18243,84,1,1,0,0,82,79,69,59
"349",16,27,18243,85,1,1,0,0,81,55,64,35
"350",16,27,18243,86,1,1,0,0,50,78,70,75
"351",16,27,18243,87,1,1,0,0,55,78,7,41
"352",16,27,18243,88,1,1,0,0,75,5,55,37
"353",16,27,18243,89,1,1,0,0,50,36,12,59
"354",16,26,18242,0,0,0,1,3,60,40,55,8
"355",16,26,18242,1,0,0,1,3,98,70,91,61
"356",16,26,18242,2,0,0,1,3,74,65,44,19
"357",16,26,18242,3,0,0,1,3,43,25,3,42
"358",16,26,18242,4,0,1,1,2,60,40,82,42
"359",16,26,18242,5,0,1,1,2,78,47,63,64
"360",16,26,18242,6,0,1,1,2,48,72,59,68
"361",16,26,18242,7,0,1,1,2,73,71,3,38
"362",16,26,18242,8,0,1,1,2,6,40,67,16
"363",16,26,18242,9,0,1,1,2,57,12,80,10
"364",16,26,18242,10,0,1,1,2,81,53,27,70
"365",16,26,18242,11,0,1,1,2,24,70,5,40
"366",16,26,18242,12,0,1,1,2,6,40,29,70
"367",16,26,18242,13,0,1,1,2,30,71,7,51
"368",16,26,18242,14,0,1,1,2,0,79,89,2
"369",16,26,18242,15,0,1,1,2,79,67,81,5
"370",16,26,18242,16,0,1,1,2,89,15,11,46
"371",16,26,18242,17,0,1,1,2,64,42,109,37
"372",16,26,18242,18,0,1,1,2,120,1,95,51
"373",16,26,18242,19,0,1,1,2,86,54,45,10
"374",16,26,18242,20,0,1,1,2,45,10,42,4
"375",16,26,18242,21,0,1,1,2,42,12,117,40
"376",16,26,18242,22,0,1,1,2,113,39,79,8
"377",16,26,18242,23,0,1,1,2,107,15,46,51
"378",16,26,18242,24,0,1,1,2,40,63,61,47
"379",16,26,18242,25,0,1,1,2,63,49,11,19
"380",16,26,18242,26,0,1,1,2,0,0,23,47
"381",16,26,18242,27,0,1,1,2,31,40,33,9
"382",16,26,18242,28,0,1,1,2,33,9,79,20
"383",16,26,18242,29,0,1,1,2,66,7,50,60
"384",16,26,18242,30,0,1,1,2,38,70,113,32
"385",16,26,18242,31,0,1,1,2,105,1,107,4
"386",16,26,18242,32,0,1,1,2,104,7,45,66
"387",16,26,18242,33,0,1,1,2,45,67,56,22
"388",16,26,18242,34,0,1,1,2,49,0,48,68
"389",16,26,18242,35,0,1,1,2,53,71,36,7
"390",16,26,18242,36,0,1,1,2,50,24,2,43
"391",16,26,18242,37,0,1,1,2,0,79,42,20
"392",16,26,18242,38,0,1,1,2,42,20,47,34
"393",16,26,18242,39,0,1,1,2,46,36,57,20
"394",16,26,18242,40,0,1,1,2,48,19,117,39
"395",16,26,18242,41,0,1,1,2,104,43,86,65
"396",16,26,18242,42,0,1,1,2,74,64,10,23
"397",16,26,18242,43,0,1,1,2,7,41,87,54
"398",16,26,18242,44,0,1,1,2,88,54,3,45
"399",16,26,18242,45,0,1,1,2,0,79,52,48
"400",16,26,18242,46,0,1,1,2,69,11,16,51
"401",16,26,18242,47,0,1,1,2,4,43,54,22
"402",16,26,18242,48,0,1,1,2,67,49,110,59
"403",16,26,18242,49,0,1,1,2,115,48,108,7
"404",16,26,18242,50,0,1,1,2,105,0,118,39
"405",16,26,18242,51,1,1,0,2,60,40,73,65
"406",16,26,18242,52,1,1,0,2,82,66,85,8
"407",16,26,18242,53,1,1,0,2,86,8,85,9
"408",16,26,18242,54,1,1,0,2,86,6,43,60
"409",16,26,18242,55,1,1,0,2,89,26,70,23
"410",16,26,18242,56,1,1,0,2,71,29,32,55
"411",16,26,18242,57,1,1,0,2,33,27,118,40
"412",16,26,18242,58,1,1,0,2,114,40,30,77
"413",16,26,18242,59,1,1,0,2,40,80,37,65
"414",16,26,18242,60,1,1,0,2,37,64,29,66
"415",16,26,18242,61,1,1,0,2,7,41,104,80
"416",16,26,18242,62,1,1,0,2,102,73,59,43
"417",16,26,18242,63,1,1,0,2,23,51,4,41
"418",16,26,18242,64,1,2,0,1,61,41,88,7
"419",16,26,18242,65,1,2,0,1,89,6,9,36
"420",16,26,18242,66,1,2,0,1,8,42,39,14
"421",16,26,18242,67,1,2,0,1,21,31,51,73
"422",16,26,18242,68,1,2,0,1,56,74,111,27
"423",16,26,18242,69,1,2,0,1,120,1,21,52
"424",16,26,18242,71,1,2,0,1,24,59,7,41
"425",16,26,18242,72,1,2,0,1,88,5,116,43
"426",16,26,18242,73,1,2,0,1,114,40,45,63
"427",16,26,18242,74,1,2,0,1,46,63,11,7
"428",16,26,18242,75,1,2,0,1,11,6,62,15
"429",16,26,18242,76,1,2,0,1,14,19,65,6
"430",16,26,18242,77,1,2,0,1,65,6,13,47
"431",16,26,18242,78,1,2,0,1,2,42,113,69
"432",16,26,18242,79,1,2,0,1,114,40,44,60
"433",16,26,18242,80,1,2,0,1,47,37,63,28
"434",16,26,18242,81,1,2,0,1,70,56,113,34
"435",16,26,18242,82,1,2,0,1,107,23,105,49
"436",16,26,18242,83,1,2,0,1,111,51,15,35
"437",16,26,18242,84,1,2,0,1,13,35,104,34
"438",16,26,18242,85,1,2,0,1,45,18,71,77
"439",16,26,18242,86,1,2,0,1,72,76,6,75
"440",16,26,18242,87,1,2,0,1,5,76,14,74
"441",16,26,18242,88,1,2,0,1,18,74,60,36
"442",16,26,18242,89,1,2,0,1,43,26,61,37
"443",16,25,18241,0,0,0,1,1,61,41,56,70
"444",16,25,18241,1,0,0,1,1,58,77,72,68
"445",16,25,18241,2,0,0,1,1,70,66,55,55
"446",16,25,18241,3,0,0,1,1,76,68,60,29
"447",16,25,18241,4,0,0,1,1,59,34,110,43
"448",16,25,18241,5,0,0,1,1,108,37,50,63
"449",16,25,18241,6,0,0,1,1,48,63,4,20
"450",16,25,18241,7,0,0,1,1,7,41,33,38
"451",16,25,18241,8,0,0,1,1,48,31,69,46
"452",16,25,18241,9,0,0,1,1,64,63,56,12
"453",16,25,18241,10,0,0,1,1,50,11,9,34
"454",16,25,18241,11,0,0,1,1,54,21,6,40
"455",16,25,18241,12,0,0,1,1,7,41,48,20
"456",16,25,18241,13,0,0,1,1,51,7,11,4
"457",16,25,18241,14,0,0,1,1,7,41,71,11
"458",16,25,18241,15,0,0,1,1,28,11,12,68
"459",16,25,18241,16,0,0,1,1,7,41,83,61
"460",16,25,18241,17,0,0,1,1,114,40,44,63
"461",16,25,18241,18,0,0,1,1,45,63,52,23
"462",16,25,18241,19,0,0,1,1,59,12,79,31
"463",16,25,18241,20,0,0,1,1,79,29,117,40
"464",16,25,18241,21,0,0,1,1,108,29,7,47
"465",16,25,18241,22,0,0,1,1,29,73,48,53
"466",16,25,18241,23,0,0,1,1,59,71,0,0
"467",16,25,18241,24,0,0,1,1,7,40,92,29
"468",16,25,18241,25,0,0,1,1,94,22,28,78
"469",16,25,18241,26,0,0,1,1,34,79,62,20
"470",16,25,18241,27,0,0,1,1,59,23,44,43
"471",16,25,18241,28,0,0,1,1,52,62,11,38
"472",16,25,18241,29,0,0,1,1,77,26,114,40
"473",16,25,18241,30,0,0,1,1,31,21,76,21
"474",16,25,18241,31,0,0,1,1,68,1,110,46
"475",16,25,18241,32,0,0,1,1,110,48,8,41
"476",16,25,18241,33,0,1,1,0,61,41,61,43
"477",16,25,18241,34,0,1,1,0,67,5,65,43
"478",16,25,18241,35,0,1,1,0,70,57,107,44
"479",16,25,18241,36,0,1,1,0,120,1,49,18
"480",16,25,18241,37,0,1,1,0,43,14,18,40
"481",16,25,18241,38,0,1,1,0,65,22,115,58
"482",16,25,18241,39,0,1,1,0,114,40,59,24
"483",16,25,18241,40,0,1,1,0,53,9,29,56
"484",16,25,18241,41,0,1,1,0,43,75,95,78
"485",16,25,18241,42,0,1,1,0,94,79,78,59
"486",16,25,18241,43,0,1,1,0,68,51,10,0
"487",16,25,18241,44,0,1,1,0,23,4,20,35
"488",16,25,18241,45,0,1,1,0,2,48,106,45
"489",16,25,18241,46,0,1,1,0,84,32,23,24
"490",16,25,18241,47,0,1,1,0,24,22,13,72
"491",16,25,18241,48,0,1,1,0,15,25,115,51
"492",16,25,18241,49,0,1,1,0,103,48,95,21
"493",16,25,18241,51,0,1,1,0,93,29,117,39
"494",16,25,18241,52,0,1,1,0,113,39,20,75
"495",16,25,18241,53,0,1,1,0,2,54,2,41
"496",16,25,18241,54,0,1,1,0,0,0,73,17
"497",16,25,18241,55,0,1,1,0,76,13,112,37
"498",16,25,18241,56,0,1,1,0,104,45,79,8
"499",16,25,18241,57,0,1,1,0,69,5,7,35
"500",16,25,18241,58,0,1,1,0,29,57,118,39
"501",16,25,18241,59,0,1,1,0,113,39,51,64
"502",16,25,18241,60,0,1,1,0,35,61,4,43
"503",16,25,18241,61,0,1,1,0,34,71,68,67
"504",16,25,18241,62,0,1,1,0,89,80,113,56
"505",16,25,18241,63,0,1,1,0,89,55,67,28
"506",16,25,18241,64,0,1,1,0,64,27,13,3
"507",16,25,18241,65,0,1,1,0,24,1,92,4
"508",16,25,18241,66,0,1,1,0,87,0,88,58
"509",16,25,18241,67,0,1,1,0,86,8,79,9
"510",16,25,18241,68,0,1,1,0,65,29,117,39
"511",16,25,18241,69,0,1,1,0,113,39,76,6
"512",16,25,18241,70,0,1,1,0,76,6,72,4
"513",16,25,18241,71,0,1,1,0,72,4,93,6
"514",16,25,18241,72,0,1,1,0,69,1,58,75
"515",16,25,18241,73,0,1,1,0,61,75,9,19
"516",16,25,18241,74,0,1,1,0,51,17,112,6
"517",16,25,18241,75,0,1,1,0,115,3,71,27
"518",16,25,18241,76,0,1,1,0,79,18,89,71
"519",16,25,18241,78,0,1,1,0,75,72,116,39
"520",16,25,18241,79,0,1,1,0,108,40,114,37
"521",16,25,18241,80,0,1,1,0,120,1,92,14
"522",16,25,18241,81,0,1,1,0,92,14,110,6
"523",16,25,18241,82,0,1,1,0,113,39,106,38
"524",16,25,18241,83,0,1,1,0,106,38,63,43
"525",16,25,18241,84,0,1,1,0,61,44,22,57
"526",16,25,18241,85,0,1,1,0,20,56,86,4
"527",16,25,18241,86,0,1,1,0,56,4,43,8
"528",16,25,18241,87,0,1,1,0,79,7,118,39
"529",16,25,18241,89,1,1,0,0,59,39,5,16
"530",16,24,18240,0,0,0,1,2,60,40,83,32
"531",16,24,18240,1,0,0,1,2,77,58,75,70
"532",16,24,18240,2,0,0,1,2,64,74,81,77
"533",16,24,18240,3,0,0,1,2,94,79,20,56
"534",16,24,18240,4,0,0,1,2,23,55,115,14
"535",16,24,18240,5,0,0,1,2,114,40,113,26
"536",16,24,18240,6,0,0,1,2,120,1,85,74
"537",16,24,18240,7,0,0,1,2,42,44,7,34
"538",16,24,18240,8,0,0,1,2,45,25,33,63
"539",16,24,18240,9,0,0,1,2,33,62,55,50
"540",16,24,18240,10,0,0,1,2,54,45,77,48
"541",16,24,18240,11,0,0,1,2,71,69,73,16
"542",16,24,18240,12,0,0,1,2,73,1,117,40
"543",16,24,18240,13,0,0,1,2,120,80,101,51
"544",16,24,18240,14,0,0,1,2,49,74,51,5
"545",16,24,18240,15,0,0,1,2,37,6,40,37
"546",16,24,18240,16,0,0,1,2,27,47,16,75
"547",16,24,18240,17,0,0,1,2,20,80,117,37
"548",16,24,18240,18,0,0,1,2,120,1,84,75
"549",16,24,18240,19,0,0,1,2,99,61,8,57
"550",16,24,18240,20,0,0,1,2,16,79,37,26
"551",16,24,18240,21,0,0,1,2,40,35,78,73
"552",16,24,18240,22,0,0,1,2,77,68,60,18
"553",16,24,18240,23,0,0,1,2,55,21,56,45
"554",16,24,18240,24,0,0,1,2,49,49,2,40
"555",16,24,18240,25,0,0,1,2,0,0,24,59
"556",16,24,18240,26,0,0,1,2,42,70,46,78
"557",16,24,18240,27,0,0,1,2,77,71,113,45
"558",16,24,18240,28,0,0,1,2,110,45,43,16
"559",16,24,18240,29,0,0,1,2,14,50,114,47
"560",16,24,18240,30,0,0,1,2,107,49,76,7
"561",16,24,18240,31,0,0,1,2,78,6,39,74
"562",16,24,18240,32,0,0,1,2,7,41,85,58
"563",16,24,18240,33,0,0,1,2,84,60,90,45
"564",16,24,18240,34,0,0,1,2,94,49,2,41
"565",16,24,18240,35,0,0,1,2,7,41,85,79
"566",16,24,18240,36,0,0,1,2,69,69,84,4
"567",16,24,18240,37,0,0,1,2,51,40,35,12
"568",16,24,18240,38,0,0,1,2,35,0,107,46
"569",16,24,18240,39,0,0,1,2,98,63,102,70
"570",16,24,18240,40,0,0,1,2,81,72,54,76
"571",16,24,18240,41,0,0,1,2,57,79,42,4
"572",16,24,18240,42,0,0,1,2,18,26,63,4
"573",16,24,18240,43,0,0,1,2,23,14,41,9
"574",16,24,18240,44,0,0,1,2,82,28,83,35
"575",16,24,18240,45,0,0,1,2,81,28,84,61
"576",16,24,18240,46,0,0,1,2,94,59,76,67
"577",16,24,18240,47,0,0,1,2,96,74,52,69
"578",16,24,18240,48,0,0,1,2,75,65,97,17
"579",16,24,18240,49,0,0,1,2,103,10,12,75
"580",16,24,18240,50,0,0,1,2,7,69,53,16
"581",16,24,18240,51,0,0,1,2,37,21,6,64
"582",16,24,18240,52,0,0,1,2,9,79,49,69
"583",16,24,18240,53,0,0,1,2,46,65,70,35
"584",16,24,18240,54,0,0,1,2,66,52,52,6
"585",16,24,18240,55,0,0,1,2,52,0,1,39
"586",16,24,18240,56,0,0,1,2,13,36,3,50
"587",16,24,18240,57,0,1,1,1,60,40,74,68
"588",16,24,18240,58,0,1,1,1,85,51,9,26
"589",16,24,18240,59,0,1,1,1,1,37,115,39
"590",16,24,18240,60,0,1,1,1,120,1,105,46
"591",16,24,18240,61,0,1,1,1,19,73,5,55
"592",16,24,18240,62,0,1,1,1,14,48,54,71
"593",16,24,18240,63,0,1,1,1,48,72,108,24
"594",16,24,18240,64,1,1,0,1,108,40,119,40
"595",16,24,18240,65,1,1,0,1,59,39,3,22
"596",16,24,18240,66,1,1,0,1,0,0,54,12
"597",16,24,18240,67,1,1,0,1,49,3,8,34
"598",16,24,18240,68,1,1,0,1,11,35,29,74
"599",16,24,18240,69,1,1,0,1,29,74,24,10
"600",16,24,18240,70,1,1,0,1,40,12,20,22
"601",16,24,18240,71,1,1,0,1,21,19,30,6
"602",16,24,18240,72,1,1,0,1,28,11,44,65
"603",16,24,18240,73,1,1,0,1,64,62,1,36
"604",16,24,18240,74,1,1,0,1,6,40,72,47
"605",16,24,18240,76,1,1,0,1,49,57,12,50
"606",16,24,18240,77,1,1,0,1,44,55,16,77
"607",16,24,18240,78,1,1,0,1,19,72,5,39
"608",16,24,18240,79,1,1,0,1,6,40,74,69
"609",16,24,18240,80,1,1,0,1,74,69,9,58
"610",16,24,18240,81,1,1,0,1,22,48,78,72
"611",16,24,18240,82,1,1,0,1,79,72,30,21
"612",16,24,18240,83,1,1,0,1,18,23,5,24
"613",16,24,18240,84,1,1,0,1,6,40,6,40
"614",16,24,18240,86,1,2,0,0,60,40,101,18
"615",16,24,18240,87,1,2,0,0,100,16,51,74
"616",16,24,18240,88,1,2,0,0,51,74,51,28
"617",16,24,18240,89,1,2,0,0,51,28,40,24
"618",16,23,18237,0,0,0,1,1,60,40,82,62
"619",16,23,18237,1,0,0,1,1,79,61,93,56
"620",16,23,18237,2,0,0,1,1,80,57,118,10
"621",16,23,18237,3,0,0,1,1,114,40,115,40
"622",16,23,18237,4,0,0,1,1,120,1,55,28
"623",16,23,18237,5,0,0,1,1,41,6,97,61
"624",16,23,18237,6,0,0,1,1,94,61,39,31
"625",16,23,18237,7,0,0,1,1,40,35,66,42
"626",16,23,18237,8,0,0,1,1,30,58,92,56
"627",16,23,18237,9,0,0,1,1,109,49,34,34
"628",16,23,18237,10,0,0,1,1,38,36,43,18
"629",16,23,18237,11,0,0,1,1,43,18,92,6
"630",16,23,18237,12,0,0,1,1,92,8,49,80
"631",16,23,18237,13,0,0,1,1,46,64,35,32
"632",16,23,18237,14,0,0,1,1,39,39,80,78
"633",16,23,18237,15,0,0,1,1,95,70,62,48
"634",16,23,18237,16,0,0,1,1,56,41,119,40
"635",16,23,18237,17,0,0,1,1,120,1,78,75
"636",16,23,18237,18,0,0,1,1,63,75,51,57
"637",16,23,18237,19,0,0,1,1,72,60,120,1
"638",16,23,18237,20,0,0,1,1,112,42,85,77
"639",16,23,18237,21,0,0,1,1,91,74,96,76
"640",16,23,18237,22,0,0,1,1,91,77,107,7
"641",16,23,18237,23,0,0,1,1,120,1,52,43
"642",16,23,18237,24,0,0,1,1,50,43,20,71
"643",16,23,18237,25,0,0,1,1,14,56,99,61
"644",16,23,18237,26,0,0,1,1,99,57,118,40
"645",16,23,18237,27,0,0,1,1,71,80,87,7
"646",16,23,18237,28,0,0,1,1,84,0,72,7
"647",16,23,18237,29,0,0,1,1,67,8,105,43
"648",16,23,18237,30,0,0,1,1,105,49,21,27
"649",16,23,18237,31,0,0,1,1,22,23,3,43
"650",16,23,18237,32,0,0,1,1,7,41,45,54
"651",16,23,18237,33,0,0,1,1,64,41,23,62
"652",16,23,18237,34,0,0,1,1,21,62,3,39
"653",16,23,18237,35,0,0,1,1,12,36,17,70
"654",16,23,18237,36,0,0,1,1,7,41,120,80
"655",16,23,18237,37,0,0,1,1,106,0,119,40
"656",16,23,18237,38,0,0,1,1,114,40,75,53
"657",16,23,18237,39,0,0,1,1,57,54,116,41
"658",16,23,18237,40,0,0,1,1,114,40,64,47
"659",16,23,18237,41,0,0,1,1,63,46,6,68
"660",16,23,18237,42,0,0,1,1,9,54,46,65
"661",16,23,18237,43,0,0,1,1,44,41,53,20
"662",16,23,18237,44,0,0,1,1,31,19,50,27
"663",16,23,18237,45,0,0,1,1,55,22,65,43
"664",16,23,18237,46,0,0,1,1,62,52,105,55
"665",16,23,18237,47,0,0,1,1,107,63,64,68
"666",16,23,18237,48,0,0,1,1,53,79,43,9
"667",16,23,18237,49,0,0,1,1,68,44,61,66
"668",16,23,18237,50,0,0,1,1,91,58,74,7
"669",16,23,18237,51,0,0,1,1,89,11,107,52
"670",16,23,18237,52,0,0,1,1,115,40,5,57
"671",16,23,18237,53,0,0,1,1,6,40,118,39
"672",16,23,18237,54,0,0,1,1,113,39,53,38
"673",16,23,18237,55,0,0,1,1,53,38,53,8
"674",16,23,18237,56,0,0,1,1,46,16,116,21
"675",16,23,18237,57,0,0,1,1,113,39,77,22
"676",16,23,18237,58,0,0,1,1,99,73,113,39
"677",16,23,18237,59,0,0,1,1,43,49,45,7
"678",16,23,18237,60,0,0,1,1,44,12,117,39
"679",16,23,18237,61,0,0,1,1,113,39,86,56
"680",16,23,18237,62,0,0,1,1,91,58,109,62
"681",16,23,18237,63,0,0,1,1,120,80,35,43
"682",16,23,18237,64,0,0,1,1,50,31,112,70
"683",16,23,18237,65,0,0,1,1,97,62,114,43
"684",16,23,18237,66,0,0,1,1,100,67,91,12
"685",16,23,18237,67,0,0,1,1,91,13,55,75
"686",16,23,18237,68,0,0,1,1,55,79,103,51
"687",16,23,18237,69,0,0,1,1,33,54,4,39
"688",16,23,18237,70,0,0,1,1,14,79,45,11
"689",16,23,18237,71,0,0,1,1,31,15,116,54
"690",16,23,18237,72,0,0,1,1,110,61,92,25
"691",16,23,18237,73,0,0,1,1,94,24,19,43
"692",16,23,18237,74,0,0,1,1,17,56,48,17
"693",16,23,18237,75,0,0,1,1,48,16,9,1
"694",16,23,18237,76,0,0,1,1,14,0,63,12
"695",16,23,18237,77,0,0,1,1,62,33,111,5
"696",16,23,18237,78,0,0,1,1,110,6,118,42
"697",16,23,18237,79,1,0,0,1,59,39,12,47
"698",16,23,18237,80,1,0,0,1,21,51,3,49
"699",16,23,18237,81,1,0,0,1,6,40,100,72
"700",16,23,18237,82,1,0,0,1,102,74,113,39
"701",16,23,18237,83,1,0,0,1,40,16,1,38
"702",16,23,18237,84,1,1,0,0,60,40,49,26
"703",16,23,18237,85,1,1,0,0,52,31,101,35
"704",16,23,18237,86,1,1,0,0,104,40,92,44
"705",16,23,18237,87,1,1,0,0,91,42,35,38
"706",16,23,18237,88,1,1,0,0,21,48,27,22
"707",16,23,18237,89,1,1,0,0,26,30,2,39
"708",16,22,18236,0,0,0,3,1,59,39,6,70
"709",16,22,18236,1,0,0,3,1,21,65,53,5
"710",16,22,18236,2,0,0,3,1,44,0,56,41
"711",16,22,18236,3,0,0,3,1,68,16,68,72
"712",16,22,18236,4,0,0,3,1,70,80,34,22
"713",16,22,18236,5,0,0,3,1,23,29,44,4
"714",16,22,18236,6,0,0,3,1,45,3,14,32
"715",16,22,18236,7,0,0,3,1,17,39,11,73
"716",16,22,18236,8,0,0,3,1,10,76,47,7
"717",16,22,18236,9,0,0,3,1,28,19,117,36
"718",16,22,18236,10,0,0,3,1,120,1,26,40
"719",16,22,18236,11,0,0,3,1,29,41,86,20
"720",16,22,18236,12,0,0,3,1,38,37,84,3
"721",16,22,18236,13,0,0,3,1,84,3,67,28
"722",16,22,18236,14,0,0,3,1,80,27,118,39
"723",16,22,18236,15,0,0,3,1,113,39,73,16
"724",16,22,18236,16,0,0,3,1,69,19,79,35
"725",16,22,18236,17,0,0,3,1,86,35,37,69
"726",16,22,18236,18,0,0,3,1,36,76,38,57
"727",16,22,18236,19,0,0,3,1,45,43,118,41
"728",16,22,18236,20,0,0,3,1,108,20,79,31
"729",16,22,18236,21,0,0,3,1,77,25,49,58
"730",16,22,18236,22,0,0,3,1,49,58,86,39
"731",16,22,18236,23,0,0,3,1,89,38,43,54
"732",16,22,18236,24,0,0,3,1,62,56,61,75
"733",16,22,18236,25,0,0,3,1,65,79,117,40
"734",16,22,18236,26,1,0,2,1,59,39,43,20
"735",16,22,18236,27,1,0,2,1,42,20,84,32
"736",16,22,18236,28,1,0,2,1,91,33,37,46
"737",16,22,18236,29,1,0,2,1,27,30,41,76
"738",16,22,18236,30,1,0,2,1,36,75,59,37
"739",16,22,18236,31,1,0,2,1,63,45,3,40
"740",16,22,18236,32,1,1,2,0,60,40,56,52
"741",16,22,18236,33,1,1,2,0,36,49,36,57
"742",16,22,18236,34,1,1,2,0,36,45,117,39
"743",16,22,18236,35,1,1,2,0,113,39,74,24
"744",16,22,18236,36,1,1,2,0,79,31,81,47
"745",16,22,18236,37,1,1,2,0,88,43,2,4
"746",16,22,18236,38,1,1,2,0,6,40,95,18
"747",16,22,18236,39,1,1,2,0,90,21,109,35
"748",16,22,18236,40,1,1,2,0,113,39,32,69
"749",16,22,18236,41,1,1,2,0,15,71,117,40
"750",16,22,18236,42,1,1,2,0,113,39,51,62
"751",16,22,18236,43,1,1,2,0,56,62,55,64
"752",16,22,18236,44,1,1,2,0,72,70,90,10
"753",16,22,18236,45,1,1,2,0,89,4,117,33
"754",16,22,18236,46,1,1,2,0,114,32,29,76
"755",16,22,18236,47,1,1,2,0,29,76,109,18
"756",16,22,18236,48,1,1,2,0,114,40,69,58
"757",16,22,18236,49,1,1,2,0,71,60,84,37
"758",16,22,18236,50,1,1,2,0,90,42,59,52
"759",16,22,18236,51,1,1,2,0,50,55,118,40
"760",16,22,18236,52,2,1,1,0,60,40,10,32
"761",16,22,18236,53,2,1,1,0,17,33,75,26
"762",16,22,18236,54,2,1,1,0,77,27,117,16
"763",16,22,18236,55,2,1,1,0,112,16,18,36
"764",16,22,18236,56,2,1,1,0,18,37,37,67
"765",16,22,18236,57,2,1,1,0,52,65,66,26
"766",16,22,18236,58,2,1,1,0,74,46,48,45
"767",16,22,18236,59,2,1,1,0,56,46,4,60
"768",16,22,18236,60,2,1,1,0,7,41,79,24
"769",16,22,18236,61,2,1,1,0,79,24,79,44
"770",16,22,18236,62,2,1,1,0,83,41,84,60
"771",16,22,18236,63,2,1,1,0,84,60,115,37
"772",16,22,18236,64,2,1,1,0,108,58,75,33
"773",16,22,18236,65,2,1,1,0,72,47,115,51
"774",16,22,18236,66,2,1,1,0,120,80,118,40
"775",16,22,18236,67,3,1,0,0,60,40,65,28
"776",16,22,18236,68,3,1,0,0,25,78,93,28
"777",16,22,18236,69,3,1,0,0,50,66,51,55
"778",16,22,18236,70,3,1,0,0,52,53,34,66
"779",16,22,18236,71,3,1,0,0,51,64,8,18
"780",16,22,18236,72,3,1,0,0,59,5,98,59
"781",16,22,18236,73,3,1,0,0,107,62,46,73
"782",16,22,18236,74,3,1,0,0,44,80,35,77
"783",16,22,18236,75,3,1,0,0,7,41,68,31
"784",16,22,18236,76,3,1,0,0,45,28,59,31
"785",16,22,18236,77,3,1,0,0,58,31,80,8
"786",16,22,18236,78,3,1,0,0,66,6,5,68
"787",16,22,18236,79,3,1,0,0,7,41,72,39
"788",16,22,18236,80,3,1,0,0,73,40,61,76
"789",16,22,18236,81,3,1,0,0,59,74,3,41
"790",16,22,18236,82,3,1,0,0,7,41,85,62
"791",16,22,18236,83,3,1,0,0,84,62,56,10
"792",16,22,18236,84,3,1,0,0,53,7,44,28
"793",16,22,18236,85,3,1,0,0,49,35,79,63
"794",16,22,18236,86,3,1,0,0,77,70,66,50
"795",16,22,18236,87,3,1,0,0,63,44,33,67
"796",16,22,18236,88,3,1,0,0,32,64,87,58
"797",16,22,18236,89,3,1,0,0,29,76,106,51
"798",16,21,18235,0,0,0,0,2,59,39,7,71
"799",16,21,18235,1,0,0,0,2,11,71,28,0
"800",16,21,18235,2,0,0,0,2,30,4,74,45
"801",16,21,18235,3,0,0,0,2,81,43,70,14
"802",16,21,18235,4,0,0,0,2,72,26,46,64
"803",16,21,18235,5,0,0,0,2,48,69,52,1
"804",16,21,18235,6,0,0,0,2,47,0,112,21
"805",16,21,18235,7,0,0,0,2,113,39,89,35
"806",16,21,18235,8,0,0,0,2,85,40,118,43
"807",16,21,18235,9,0,0,0,2,113,39,42,11
"808",16,21,18235,10,0,0,0,2,45,13,61,62
"809",16,21,18235,11,0,0,0,2,66,54,64,46
"810",16,21,18235,12,0,0,0,2,66,50,44,29
"811",16,21,18235,13,0,0,0,2,76,24,42,49
"812",16,21,18235,14,0,0,0,2,66,51,116,46
"813",16,21,18235,15,0,0,0,2,103,52,99,2
"814",16,21,18235,16,0,0,0,2,92,2,2,39
"815",16,21,18235,17,0,0,0,2,6,0,49,17
"816",16,21,18235,18,0,0,0,2,56,22,99,61
"817",16,21,18235,19,0,0,0,2,49,46,52,29
"818",16,21,18235,20,0,0,0,2,60,29,57,9
"819",16,21,18235,21,0,0,0,2,56,10,54,35
"820",16,21,18235,22,0,0,0,2,39,46,60,2
"821",16,21,18235,23,0,0,0,2,58,2,42,43
"822",16,21,18235,24,0,0,0,2,40,47,54,52
"823",16,21,18235,25,0,0,0,2,52,51,84,77
"824",16,21,18235,26,0,0,0,2,65,79,53,16
"825",16,21,18235,27,0,0,0,2,53,17,99,71
"826",16,21,18235,28,0,0,0,2,100,72,114,39
"827",16,21,18235,29,0,0,0,2,104,46,47,51
"828",16,21,18235,30,0,0,0,2,53,51,15,35
"829",16,21,18235,31,0,0,0,2,98,54,117,41
"830",16,21,18235,32,0,0,0,2,99,26,7,37
"831",16,21,18235,33,0,1,0,1,60,40,39,48
"832",16,21,18235,34,0,1,0,1,48,52,38,25
"833",16,21,18235,35,0,1,0,1,30,39,34,62
"834",16,21,18235,36,0,1,0,1,31,64,54,26
"835",16,21,18235,37,0,1,0,1,68,32,67,68
"836",16,21,18235,38,0,1,0,1,64,54,116,39
"837",16,21,18235,39,0,1,0,1,113,39,66,15
"838",16,21,18235,40,0,1,0,1,66,15,87,5
"839",16,21,18235,41,0,1,0,1,74,18,96,2
"840",16,21,18235,42,0,1,0,1,75,22,78,41
"841",16,21,18235,43,0,1,0,1,97,75,48,77
"842",16,21,18235,44,0,1,0,1,52,66,114,67
"843",16,21,18235,45,0,1,0,1,120,58,3,44
"844",16,21,18235,46,0,1,0,1,0,0,86,40
"845",16,21,18235,47,0,1,0,1,96,26,114,68
"846",16,21,18235,48,0,1,0,1,114,40,115,46
"847",16,21,18235,49,0,1,0,1,104,50,7,41
"848",16,21,18235,50,0,1,0,1,32,63,24,33
"849",16,21,18235,51,0,1,0,1,28,34,37,50
"850",16,21,18235,52,0,1,0,1,64,5,114,62
"851",16,21,18235,53,0,1,0,1,104,54,7,13
"852",16,21,18235,54,0,1,0,1,0,0,53,33
"853",16,21,18235,55,0,1,0,1,66,46,57,11
"854",16,21,18235,56,0,1,0,1,54,15,118,74
"855",16,21,18235,57,0,1,0,1,114,40,118,34
"856",16,21,18235,58,0,1,0,1,104,29,108,52
"857",16,21,18235,59,0,1,0,1,103,80,110,69
"858",16,21,18235,60,0,1,0,1,108,67,81,18
"859",16,21,18235,61,0,1,0,1,78,21,37,42
"860",16,21,18235,62,0,1,0,1,38,39,118,42
"861",16,21,18235,63,0,1,0,1,120,1,114,64
"862",16,21,18235,64,0,1,0,1,114,40,71,4
"863",16,21,18235,65,0,1,0,1,75,5,88,58
"864",16,21,18235,66,0,1,0,1,90,66,74,77
"865",16,21,18235,67,0,1,0,1,96,69,6,45
"866",16,21,18235,68,0,2,0,0,61,41,98,60
"867",16,21,18235,69,0,2,0,0,90,59,54,60
"868",16,21,18235,70,0,2,0,0,56,65,32,72
"869",16,21,18235,71,0,2,0,0,26,51,96,73
"870",16,21,18235,72,0,2,0,0,119,62,77,78
"871",16,21,18235,73,0,2,0,0,104,65,117,46
"872",16,21,18235,74,0,2,0,0,50,32,51,14
"873",16,21,18235,76,0,2,0,0,51,15,77,76
"874",16,21,18235,77,0,2,0,0,76,64,118,75
"875",16,21,18235,78,0,2,0,0,107,79,94,38
"876",16,21,18235,79,0,2,0,0,92,33,82,74
"877",16,21,18235,80,0,2,0,0,90,62,118,50
"878",16,21,18235,81,0,2,0,0,104,50,120,26
"879",16,21,18235,82,0,2,0,0,106,79,114,42
"880",16,21,18235,83,0,2,0,0,114,40,77,53
"881",16,21,18235,84,0,2,0,0,73,53,113,36
"882",16,21,18235,85,0,2,0,0,114,9,80,77
"883",16,21,18235,86,0,2,0,0,86,63,50,26
"884",16,21,18235,87,0,2,0,0,55,44,104,35
"885",16,21,18235,88,0,2,0,0,61,1,110,47
"886",16,21,18235,89,0,2,0,0,104,48,114,40
"887",16,41,3750201,0,0,0,2,0,61,40.1,28,63.7
"888",16,41,3750201,1,0,0,2,0,27.5,56.8,1.1,42.3
"889",16,41,3750201,2,0,0,2,0,7,36.1,86.5,6.2
"890",16,41,3750201,3,0,0,2,0,82.1,0.1,9.09999999999999,24
"891",16,41,3750201,4,0,0,2,0,7,36.1,62,76.8
"892",16,41,3750201,5,0,0,2,0,61.6,77,24.8,41.4
"893",16,41,3750201,6,0,0,2,0,36.1,37.9,82.8,7.2
"894",16,41,3750201,7,0,0,2,0,50.8,0.1,20.9,67.2
"895",16,41,3750201,8,0,0,2,0,38.3,75.4,117.8,43
"896",16,41,3750201,9,1,0,1,0,60,40,93,56.5
"897",16,41,3750201,10,1,0,1,0,120,0.1,73.8,20.3
"898",16,41,3750201,11,1,0,1,0,77.6,33,100.2,62.5
"899",16,41,3750201,12,1,0,1,0,96.8,59.5,67,77.3
"900",16,41,3750201,13,1,0,1,0,67,77.3,54.9,40
"901",16,41,3750201,14,1,0,1,0,50.4,19.6,21.8,27.3
"902",16,41,3750201,15,1,0,1,0,21.4,30.6,0.8,39.5
"903",16,41,3750201,16,1,0,1,0,7,44.1,75.3,4.4
"904",16,41,3750201,17,1,0,1,0,72.6,0,95.3,57.7
"905",16,41,3750201,18,1,0,1,0,116.2,42,4.7,40.3
"906",16,41,3750201,20,1,0,1,0,7,44.1,2.3,64.8
"907",16,41,3750201,21,1,0,1,0,0,79.9,91.6,40.2
"908",16,41,3750201,22,1,0,1,0,73.1,9.3,68.2,16.5
"909",16,41,3750201,23,1,0,1,0,68.6,19.2,58,37
"910",16,41,3750201,24,1,0,1,0,81,48.6,98.8,26.3
"911",16,41,3750201,25,1,0,1,0,97.1,20.7,65,73.6
"912",16,41,3750201,26,1,0,1,0,68.3,62.9,70,5.7
"913",16,41,3750201,27,1,0,1,0,74.2,0.1,26.4,59.1
"914",16,41,3750201,28,1,0,1,0,34.6,47.8,51.6,0.1
"915",16,41,3750201,29,1,0,1,0,74.3,33,6.8,44.4
"916",16,41,3750201,30,1,0,1,0,28.1,79.9,8.8,44.1
"917",16,41,3750201,31,1,0,1,0,8.9,42.6,90.9,7.3
"918",16,41,3750201,32,1,0,1,0,94.6,4,113.2,53.4
"919",16,41,3750201,33,1,0,1,0,120,80,110.7,45.4
"920",16,41,3750201,34,1,0,1,0,113.2,80,66.8,73.4
"921",16,41,3750201,35,1,0,1,0,62.1,67.2,105.4,30.7
"922",16,41,3750201,36,1,0,1,0,82,14,71.6,76.6
"923",16,41,3750201,37,1,0,1,0,76,78.3,25.6,51.9
"924",16,41,3750201,38,1,0,1,0,19.4,42.9,94.9,44
"925",16,41,3750201,39,1,0,1,0,67.2,27.6,99.4,29.6
"926",16,41,3750201,40,1,0,1,0,92,45.2,21.4,44.4
"927",16,41,3750201,41,1,0,1,0,108.7,8.3,56.8,5.3
"928",16,41,3750201,42,1,0,1,0,62.6,0.1,81.4,52.9
"929",16,41,3750201,43,1,0,1,0,86.6,65.7,112.2,40.3
"930",16,41,3750201,44,1,0,1,0,59,39.9,62.4,5.8
"931",16,41,3750201,45,1,0,1,0,32.3,56.9,33,59.9
"932",16,41,3750201,46,1,0,1,0,10.5,52,118.5,35.1
"933",16,41,3750201,47,1,0,1,0,107.9,0.1,116.8,37.7
"934",16,41,3750201,48,1,0,1,0,109.8,41.3,40.8,2.4
"935",16,41,3750201,49,1,0,1,0,38.8,2,99.8,38.8
"936",16,41,3750201,51,1,0,1,0,100.6,38.6,35.2,2
"937",16,41,3750201,52,1,0,1,0,39.7,1.09999999999999,26,53.4
"938",16,41,3750201,53,1,0,1,0,45.3,55.3,20.7,3.2
"939",16,41,3750201,54,1,0,1,0,16.7,80,56.5,1.4
"940",16,41,3750201,55,1,0,1,0,62.1,2.8,80.9,52.9
"941",16,41,3750201,56,1,0,1,0,80.5,49.3,57.3,74.3
"942",16,41,3750201,57,1,0,1,0,64.6,79.9,75.6,69.9
"943",16,41,3750201,58,1,0,1,0,81.2,72.9,32.7,64
"944",16,41,3750201,59,1,0,1,0,20.5,70.4,59.1,61.9
"945",16,41,3750201,60,1,0,1,0,72.5,47,9.9,23.7
"946",16,41,3750201,61,1,0,1,0,0,0,47.5,40.8
"947",16,41,3750201,62,1,0,1,0,55.9,34,74.5,53.1
"948",16,41,3750201,63,1,0,1,0,64.3,51.6,110.6,50.5
"949",16,41,3750201,64,1,0,1,0,97.9,50.5,68,26
"950",16,41,3750201,65,1,0,1,0,72.4,29.6,16.6,75
"951",16,41,3750201,66,1,0,1,0,31.6,80,0,0
"952",16,41,3750201,67,1,0,1,0,7.7,35.2,118.1,38.7
"953",16,41,3750201,69,2,0,0,0,59,39.9,0.6,37.4
"954",16,41,3750201,70,2,0,0,0,6,36,116.7,64.5
"955",16,41,3750201,71,2,0,0,0,116.3,65.3,38.8,71.3
"956",16,41,3750201,72,2,0,0,0,60,79.9,31.9,0.5
"957",16,41,3750201,73,2,0,0,0,30.6,0.1,93.3,15.2
"958",16,41,3750201,74,2,0,0,0,81,0.1,37.9,6.40000000000001
"959",16,41,3750201,75,2,0,0,0,39.1,6.59999999999999,55.1,53.4
"960",16,41,3750201,76,2,0,0,0,56.1,53.8,47.3,54.8
"961",16,41,3750201,77,2,0,0,0,86,25.7,34.7,1.90000000000001
"962",16,41,3750201,78,2,0,0,0,48.9,4.9,48.7,27.7
"963",16,41,3750201,79,2,0,0,0,51.6,25.6,72.9,46.6
"964",16,41,3750201,80,2,0,0,0,74,55.8,68.3,36.6
"965",16,41,3750201,81,2,0,0,0,69.9,32,12.4,44.9
"966",16,41,3750201,82,2,0,0,0,18.2,43.2,88.7,49.5
"967",16,41,3750201,83,2,0,0,0,76.9,39.9,1.4,39.2
"968",16,41,3750201,84,2,0,0,0,6,36,14.5,46
"969",16,41,3750201,85,2,0,0,0,6,44,57.8,1.5
"970",16,41,3750201,86,2,0,0,0,56.5,0.1,46,27
"971",16,41,3750201,87,2,0,0,0,43.9,26.2,95,3.1
"972",16,41,3750201,88,2,0,0,0,90,4.5,48.8,76.2
"973",16,41,3750201,89,2,0,0,0,56.7,80,69.5,75.9
"974",16,39,3750200,0,0,0,2,1,59,39.9,70.9,55.5
"975",16,39,3750200,1,0,0,2,1,73.4,59.4,113,43.9
"976",16,39,3750200,2,0,0,2,1,36.8,47.5,76.3,35.7
"977",16,39,3750200,3,0,0,2,1,91.3,33.7,35.4,3
"978",16,39,3750200,4,0,0,2,1,36,0,105.8,48
"979",16,39,3750200,5,0,0,2,1,120,80,70.2,57.3
"980",16,39,3750200,6,0,0,2,1,15.8,3.8,64.2,41.6
"981",16,39,3750200,7,0,0,2,1,42.1,6.8,41.2,40.5
"982",16,39,3750200,8,0,0,2,1,47.9,29.4,55,72
"983",16,39,3750200,9,0,0,2,1,49.6,79.9,42.7,46.2
"984",16,39,3750200,10,0,0,2,1,6,36,20,30.5
"985",16,39,3750200,11,0,0,2,1,40.9,25.5,51.1,49.9
"986",16,39,3750200,12,0,0,2,1,49.2,52.7,76.7,70.5
"987",16,39,3750200,13,0,0,2,1,83.5,79.9,23.1,29.1
"988",16,39,3750200,14,0,0,2,1,42.5,0,29.6,20.7
"989",16,39,3750200,15,0,0,2,1,33.6,21.1,117.7,40.5
"990",16,39,3750200,16,0,0,2,1,104.4,41.3,112.4,39.4
"991",16,39,3750200,17,0,0,2,1,103.3,42.9,9.09999999999999,74
"992",16,39,3750200,18,0,0,2,1,18.4,11.4,36.7,48.6
"993",16,39,3750200,19,0,0,2,1,56.4,51.6,57.2,56.7
"994",16,39,3750200,20,0,0,2,1,57.2,56.7,48.4,30.6
"995",16,39,3750200,21,0,0,2,1,49.2,29.7,2.6,41.6
"996",16,39,3750200,22,0,0,2,1,6,44,22.5,68.1
"997",16,39,3750200,23,0,0,2,1,35.3,69.1,3.4,55.2
"998",16,39,3750200,24,0,0,2,1,3.4,55.2,63.7,40.8
"999",16,39,3750200,25,0,0,2,1,64.8,24.1,4.4,38.5
"1000",16,39,3750200,26,0,0,2,1,6,44,56.8,33.6
"1001",16,39,3750200,27,0,0,2,1,56.8,33.6,111.3,39.4
"1002",16,39,3750200,28,0,0,2,1,104.4,42.6,34.7,59.7
"1003",16,39,3750200,29,0,0,2,1,0,79.9,33.4,9.1
"1004",16,39,3750200,30,0,0,2,1,36.5,28.5,41.2,46.3
"1005",16,39,3750200,31,0,0,2,1,41.4,43.1,99.7,74.1
"1006",16,39,3750200,32,0,0,2,1,108.3,75.1,116.4,66.4
"1007",16,39,3750200,33,0,0,2,1,113,43.9,1.4,22.7
"1008",16,39,3750200,34,0,0,2,1,36.7,0,50.2,61.9
"1009",16,39,3750200,35,0,0,2,1,49.7,59.9,7.3,61
"1010",16,39,3750200,36,0,0,2,1,8.59999999999999,79.9,26.3,70.4
"1011",16,39,3750200,37,0,0,2,1,6,44,88.1,41.5
"1012",16,39,3750200,38,0,0,2,1,62.8,60.4,11.7,24.3
"1013",16,39,3750200,39,0,0,2,1,6,36,11.3,66.9
"1014",16,39,3750200,40,0,0,2,1,8.09999999999999,59.6,55.8,45.5
"1015",16,39,3750200,41,0,0,2,1,48.9,60.5,96.1,35
"1016",16,39,3750200,42,0,0,2,1,96.1,36,119.1,40.7
"1017",16,39,3750200,43,1,0,1,1,59,39.9,37.2,15
"1018",16,39,3750200,44,1,0,1,1,61,40.1,39.1,58.9
"1019",16,39,3750200,45,1,0,1,1,35.6,54.6,9.5,24.1
"1020",16,39,3750200,46,1,0,1,1,0,0,0.6,42
"1021",16,39,3750200,47,1,0,1,1,7,44.1,19.5,25.2
"1022",16,39,3750200,48,1,0,1,1,19.6,25.3,28.2,75.9
"1023",16,39,3750200,49,1,0,1,1,21.3,75.2,61,10.2
"1024",16,39,3750200,50,1,0,1,1,56.6,17.5,106.3,66.5
"1025",16,39,3750200,51,1,0,1,1,112.3,66,7,44.1
"1026",16,39,3750200,52,1,0,1,1,70.9,35.5,64.2,77.2
"1027",16,39,3750200,53,1,0,1,1,93.9,40.8,88.7,31.6
"1028",16,39,3750200,54,1,0,1,1,98.2,32.2,105.9,25.8
"1029",16,39,3750200,55,1,0,1,1,111.3,25.6,56.4,58.4
"1030",16,39,3750200,56,1,0,1,1,41.9,57.2,48.2,56.7
"1031",16,39,3750200,57,1,0,1,1,47.5,57.9,91.6,21
"1032",16,39,3750200,58,1,0,1,1,95.6,22.2,46.7,6.9
"1033",16,39,3750200,59,1,0,1,1,41.4,0,9.3,41.5
"1034",16,39,3750200,60,1,0,1,1,15,36,55.9,77.5
"1035",16,39,3750200,61,1,0,1,1,81.5,71.9,49.5,55.3
"1036",16,39,3750200,62,1,0,1,1,58.2,59.9,35.1,66.7
"1037",16,39,3750200,63,1,0,1,1,35.9,66.4,28.2,27.2
"1038",16,39,3750200,64,1,0,1,1,14.9,14.3,108,41.7
"1039",16,39,3750200,65,1,0,1,1,103.9,38.5,28.5,75.7
"1040",16,39,3750200,66,1,0,1,1,29.2,78.3,88.6,14
"1041",16,39,3750200,67,1,0,1,1,85.8,13.4,2.2,23.8
"1042",16,39,3750200,68,1,0,1,1,7,36.1,35.5,69.7
"1043",16,39,3750200,69,1,0,1,1,7,44.1,1.6,39.1
"1044",16,39,3750200,70,1,0,1,1,7,36.1,103.4,7.1
"1045",16,39,3750200,71,1,0,1,1,98.7,0,104.5,65.6
"1046",16,39,3750200,72,1,0,1,1,120,80,104.3,66.2
"1047",16,39,3750200,73,1,0,1,1,118.1,75.7,100.8,76
"1048",16,39,3750200,74,1,0,1,1,109.5,71.4,55.5,78.5
"1049",16,39,3750200,75,1,0,1,1,40.8,54.6,35.4,2.5
"1050",16,39,3750200,76,1,0,1,1,26,6.9,67.1,44.6
"1051",16,39,3750200,77,1,0,1,1,67.3,41.9,55.8,4.8
"1052",16,39,3750200,78,1,0,1,1,63.1,0.1,8.1,2.3
"1053",16,39,3750200,79,1,0,1,1,35.1,9.40000000000001,113.7,51.6
"1054",16,39,3750200,80,2,0,0,1,60,40,8.6,29.6
"1055",16,39,3750200,81,2,0,0,1,0,0,3.4,74
"1056",16,39,3750200,82,2,0,0,1,0,79.9,2.6,47.5
"1057",16,39,3750200,83,2,0,0,1,14.7,54.4,30,66.2
"1058",16,39,3750200,84,2,0,0,1,55.9,46.3,16.4,72.2
"1059",16,39,3750200,85,2,0,0,1,0,79.9,0.8,40
"1060",16,39,3750200,86,2,1,0,0,61,40.1,71.6,8
"1061",16,39,3750200,87,2,1,0,0,84.3,14.5,66.2,33.7
"1062",16,39,3750200,88,2,1,0,0,79.8,45.8,35.2,60.2
"1063",16,39,3750200,89,2,1,0,0,36.6,59.7,41.5,11.8
"1064",16,37,2302764,0,0,0,3,3,59,39.9,117.9,41
"1065",16,37,2302764,1,1,0,2,3,59,39.9,40.2,7
"1066",16,37,2302764,2,1,0,2,3,42.3,0.599999999999994,42,52.6
"1067",16,37,2302764,3,1,0,2,3,39.8,8.5,1.2,39.6
"1068",16,37,2302764,4,1,0,2,3,7.1,36.8,80.1,58.1
"1069",16,37,2302764,5,1,0,2,3,59.7,66.1,115.6,55.7
"1070",16,37,2302764,6,1,0,2,3,120,80,30.1,17.4
"1071",16,37,2302764,7,1,0,2,3,30.3,27,6,36
"1072",16,37,2302764,8,1,0,2,3,73.3,56,35.6,49.2
"1073",16,37,2302764,9,1,0,2,3,40.6,30.9,7.7,37
"1074",16,37,2302764,10,1,0,2,3,16.5,34,29.8,59.2
"1075",16,37,2302764,11,1,0,2,3,42.2,2.8,89.5,60.2
"1076",16,37,2302764,12,1,0,2,3,49.3,80,119.4,65
"1077",16,37,2302764,13,1,0,2,3,120,80,30.3,70.6
"1078",16,37,2302764,14,1,0,2,3,34.6,80,2.9,71.3
"1079",16,37,2302764,15,1,0,2,3,6,44,85.7,31.7
"1080",16,37,2302764,16,1,0,2,3,60.2,5.40000000000001,62.1,62.9
"1081",16,37,2302764,17,1,0,2,3,63.6,79.9,44.9,52.3
"1082",16,37,2302764,18,1,0,2,3,44.9,52.3,113,3.2
"1083",16,37,2302764,19,1,0,2,3,113,0,20.8,0.8
"1084",16,37,2302764,20,1,0,2,3,79.5,55.7,53.9,76.1
"1085",16,37,2302764,21,1,0,2,3,42.3,79.9,68.3,22.1
"1086",16,37,2302764,22,1,0,2,3,113,35.9,30.1,58.3
"1087",16,37,2302764,23,1,0,2,3,27.8,59.4,108.3,64.3
"1088",16,37,2302764,24,1,0,2,3,106,79.9,99,18.7
"1089",16,37,2302764,25,1,0,2,3,97.3,23.8,68.8,7.59999999999999
"1090",16,37,2302764,26,1,0,2,3,46.4,0.299999999999997,55,52.7
"1091",16,37,2302764,27,1,0,2,3,57.3,64.3,41.3,75.4
"1092",16,37,2302764,28,1,0,2,3,37.5,74,75.6,7.9
"1093",16,37,2302764,29,1,0,2,3,75.6,7.9,62.3,62.7
"1094",16,37,2302764,30,1,0,2,3,58,64.8,35.8,30.1
"1095",16,37,2302764,31,1,0,2,3,66.8,23.6,60.8,31.2
"1096",16,37,2302764,32,1,0,2,3,35.7,44.5,64.9,80
"1097",16,37,2302764,33,1,0,2,3,56.1,69.7,63.1,42.2
"1098",16,37,2302764,34,1,0,2,3,62.7,43.2,51.5,22.9
"1099",16,37,2302764,35,1,0,2,3,89.3,42.3,46.5,25.5
"1100",16,37,2302764,36,1,0,2,3,61.1,23.9,118.6,40.2
"1101",16,37,2302764,38,2,0,1,3,59,39.9,114.6,75.4
"1102",16,37,2302764,39,2,0,1,3,114.7,80,63.1,51.7
"1103",16,37,2302764,40,2,0,1,3,53.2,73,92.9,49.5
"1104",16,37,2302764,41,2,0,1,3,65.4,3,105.7,37.4
"1105",16,37,2302764,42,3,0,0,3,59,39.9,35.3,3.8
"1106",16,37,2302764,43,3,0,0,3,35.3,3.8,34.6,71.1
"1107",16,37,2302764,44,3,0,0,3,50.7,72.1,109.7,45
"1108",16,37,2302764,45,3,0,0,3,105.4,50.5,79.3,54.2
"1109",16,37,2302764,46,3,0,0,3,41,59.3,91.7,13.8
"1110",16,37,2302764,47,3,0,0,3,101.1,22.5,120,80
"1111",16,37,2302764,48,3,0,0,3,110.7,44.6,41.9,42.4
"1112",16,37,2302764,49,3,0,0,3,37.7,28.1,35.5,10.4
"1113",16,37,2302764,50,3,0,0,3,34.6,0,93.7,28.8
"1114",16,37,2302764,51,3,0,0,3,95.4,27.5,98.2,16.9
"1115",16,37,2302764,52,3,0,0,3,90.9,59.6,1.6,41
"1116",16,37,2302764,53,3,1,0,2,61,40.1,15.8,46.1
"1117",16,37,2302764,54,3,1,0,2,15.9,47.1,1.4,39.6
"1118",16,37,2302764,55,3,2,0,1,61,40.1,9.5,11.5
"1119",16,37,2302764,56,3,2,0,1,0,0,77.4,22.1
"1120",16,37,2302764,57,3,2,0,1,74.6,25.3,11.5,38.8
"1121",16,37,2302764,58,3,2,0,1,12.1,40.1,12.1,40.1
"1122",16,37,2302764,59,3,2,0,1,1,40,76,6.4
"1123",16,37,2302764,60,3,3,0,0,98,6.8,115.9,39.1
"1124",16,37,2302764,61,3,3,0,0,114,36,2.5,41.7
"1125",16,37,2302764,62,3,3,0,0,13.1,49.4,110.7,4.8
"1126",16,37,2302764,63,3,3,0,0,110.8,0.1,56.5,5.1
"1127",16,37,2302764,64,3,3,0,0,55.9,5.3,67.6,39.5
"1128",16,37,2302764,65,3,3,0,0,63.8,41,98.4,55.6
"1129",16,37,2302764,66,3,3,0,0,98.3,57.8,53.9,75
"1130",16,37,2302764,67,3,3,0,0,43.4,79.9,67.4,15.8
"1131",16,37,2302764,68,3,3,0,0,69.8,14.7,38.3,65.4
"1132",16,37,2302764,69,3,3,0,0,49.2,59.8,7,36.1
"1133",16,37,2302764,70,3,3,0,0,63.8,37.2,37.6,5
"1134",16,37,2302764,71,3,3,0,0,34.8,5.8,68.8,74.5
"1135",16,37,2302764,72,3,3,0,0,94.9,57.2,96.6,35.1
"1136",16,37,2302764,73,3,3,0,0,76.7,6.5,57.3,8.2
"1137",16,37,2302764,74,3,3,0,0,58.1,12.3,64,64.6
"1138",16,37,2302764,75,3,3,0,0,60.1,69.7,49.7,63.7
"1139",16,37,2302764,76,3,3,0,0,63.4,51.1,90.2,46.9
"1140",16,37,2302764,77,3,3,0,0,69,54,118.1,47.4
"1141",16,37,2302764,78,3,3,0,0,114,36,64.2,65.4
"1142",16,37,2302764,79,3,3,0,0,70.6,77.6,30.5,70.9
"1143",16,37,2302764,80,3,3,0,0,22.5,80,47.2,35.4
"1144",16,37,2302764,81,3,3,0,0,54.9,36.6,105.8,47.6
"1145",16,37,2302764,82,3,3,0,0,50,64.5,39.2,65.4
"1146",16,37,2302764,83,3,3,0,0,40.9,65.4,35.5,41
"1147",16,37,2302764,84,3,3,0,0,48,34.8,48.8,3.6
"1148",16,37,2302764,85,3,3,0,0,48.5,0,105.8,46.5
"1149",16,37,2302764,86,3,3,0,0,120,80,40.5,71.4
"1150",16,37,2302764,87,3,3,0,0,42.9,79.9,98.4,4.7
"1151",16,37,2302764,88,3,3,0,0,99.4,0,80.9,62
"1152",16,37,2302764,89,3,3,0,0,84.1,59.6,110.7,40.7
"1153",16,44,3752619,0,0,0,0,3,60,40,48.9,32.3
"1154",16,44,3752619,1,0,0,0,3,62.9,75.8,55.7,24.1
"1155",16,44,3752619,2,0,0,0,3,56.4,39.6,97.8,26.6
"1156",16,44,3752619,3,0,0,0,3,98.4,25.6,70.3,52.3
"1157",16,44,3752619,4,0,0,0,3,82.4,44.3,81,69.5
"1158",16,44,3752619,5,0,0,0,3,80.5,76.2,10.3,3.8
"1159",16,44,3752619,6,0,0,0,3,10.2,5.3,68.2,4.59999999999999
"1160",16,44,3752619,7,0,0,0,3,34.2,16.2,29.4,3.09999999999999
"1161",16,44,3752619,8,0,0,0,3,38.7,0.1,25.6,65
"1162",16,44,3752619,9,0,0,0,3,41,67.2,71.1,72.7
"1163",16,44,3752619,10,0,0,0,3,73.1,79.9,29.4,53.3
"1164",16,44,3752619,11,0,0,0,3,31.1,46.4,50.8,72.1
"1165",16,44,3752619,12,0,0,0,3,46.4,74.4,12.7,45.9
"1166",16,44,3752619,13,0,0,0,3,13.7,46.4,90.6,19.3
"1167",16,44,3752619,14,0,0,0,3,88.4,19.7,9.90000000000001,42.5
"1168",16,44,3752619,15,0,0,0,3,8.4,42.6,28.4,29.2
"1169",16,44,3752619,16,0,0,0,3,27.5,22.3,71.3,5
"1170",16,44,3752619,17,0,0,0,3,65.1,20.5,11.1,33.4
"1171",16,44,3752619,18,0,0,0,3,12.7,24.2,78.7,76
"1172",16,44,3752619,19,0,0,0,3,63.5,79.9,97.1,34.7
"1173",16,44,3752619,20,0,0,0,3,95,35.6,36.6,49.8
"1174",16,44,3752619,21,0,0,0,3,42.4,79.9,46.7,57.8
"1175",16,44,3752619,22,0,0,0,3,44.2,80,7.7,53.4
"1176",16,44,3752619,23,0,0,0,3,84.4,52.4,37.6,1.5
"1177",16,44,3752619,24,0,0,0,3,41.3,1.5,70.4,9.8
"1178",16,44,3752619,25,0,0,0,3,70.4,2.8,91.8,1.8
"1179",16,44,3752619,26,0,0,0,3,34.9,7.7,82.3,67.1
"1180",16,44,3752619,27,0,0,0,3,86.2,66,57,66.4
"1181",16,44,3752619,28,0,0,0,3,48.4,70.1,67.8,51.8
"1182",16,44,3752619,29,0,0,0,3,70.5,74.5,14.1,36.7
"1183",16,44,3752619,30,0,0,0,3,0,79.9,47.9,54.5
"1184",16,44,3752619,31,0,0,0,3,58.1,6.7,9.90000000000001,4.09999999999999
"1185",16,44,3752619,32,0,0,0,3,4.59999999999999,30.6,71.3,61.2
"1186",16,44,3752619,33,0,0,0,3,84,54.1,89.5,59.9
"1187",16,44,3752619,34,0,0,0,3,104.1,80,57.1,10.1
"1188",16,44,3752619,35,0,0,0,3,93.5,14.8,93.2,5.1
"1189",16,44,3752619,36,0,0,0,3,73.1,7.7,3.1,39.2
"1190",16,44,3752619,37,0,1,0,2,60,40,76,63.3
"1191",16,44,3752619,38,0,1,0,2,73.1,64.9,92.8,2.8
"1192",16,44,3752619,39,0,1,0,2,90.5,6,105.6,39.9
"1193",16,44,3752619,40,0,1,0,2,108.8,43.5,64,74.7
"1194",16,44,3752619,41,0,1,0,2,80.8,66.1,110.5,20.7
"1195",16,44,3752619,42,0,1,0,2,106.5,22.2,114.4,55.7
"1196",16,44,3752619,43,0,1,0,2,120,80,65.2,66.1
"1197",16,44,3752619,44,0,1,0,2,63.3,71,44.1,51.7
"1198",16,44,3752619,45,0,1,0,2,43.2,21.5,67.9,6.6
"1199",16,44,3752619,46,0,1,0,2,62.2,22,41.6,13.6
"1200",16,44,3752619,47,0,1,0,2,52,18.7,104.6,74.1
"1201",16,44,3752619,48,0,1,0,2,95.4,68,92.5,25.7
"1202",16,44,3752619,49,0,1,0,2,93.4,24.5,4.6,72.7
"1203",16,44,3752619,50,0,1,0,2,24.5,79.9,49.2,14.5
"1204",16,44,3752619,51,0,1,0,2,42.9,46.2,102.2,9.2
"1205",16,44,3752619,52,0,1,0,2,105.8,29.1,28.5,10.9
"1206",16,44,3752619,53,0,1,0,2,46.5,62.1,109.6,51.3
"1207",16,44,3752619,54,0,1,0,2,114,44,57.6,7.90000000000001
"1208",16,44,3752619,55,0,1,0,2,62.4,0.1,27.1,53.1
"1209",16,44,3752619,56,0,1,0,2,27.2,41.5,69.1,41.8
"1210",16,44,3752619,57,0,1,0,2,72.7,12,43.3,56.2
"1211",16,44,3752619,58,0,1,0,2,48.2,74.4,114.8,24
"1212",16,44,3752619,59,0,1,0,2,120,0.1,109.2,51.7
"1213",16,44,3752619,60,0,1,0,2,107.2,46.8,108.9,71.1
"1214",16,44,3752619,61,0,1,0,2,114,36,49.5,59.9
"1215",16,44,3752619,62,0,1,0,2,49.2,51.9,49.9,24.1
"1216",16,44,3752619,63,0,1,0,2,99.9,12,95.7,56.8
"1217",16,44,3752619,64,0,1,0,2,71.4,80,56.6,45.2
"1218",16,44,3752619,65,0,1,0,2,76.8,7.4,108.6,6.4
"1219",16,44,3752619,66,0,1,0,2,107.7,6.4,111.2,39.7
"1220",16,44,3752619,67,0,1,0,2,87.4,57.3,5.6,39.9
"1221",16,44,3752619,69,0,2,0,1,61,40.1,115.7,40.1
"1222",16,44,3752619,70,0,2,0,1,114,36,116.9,15.7
"1223",16,44,3752619,71,0,2,0,1,120,0.1,7.2,46.2
"1224",16,44,3752619,73,0,3,0,0,61,40.1,116.6,40.2
"1225",16,44,3752619,74,0,3,0,0,114,44,87.6,64.9
"1226",16,44,3752619,75,0,3,0,0,88.2,59.7,43.6,70.6
"1227",16,44,3752619,77,0,3,0,0,42.2,26,113.2,59.1
"1228",16,44,3752619,78,0,3,0,0,114,44,110.2,46.2
"1229",16,44,3752619,79,0,3,0,0,101.9,43.8,31.3,57.9
"1230",16,44,3752619,80,0,3,0,0,28.6,53.2,91.8,76.3
"1231",16,44,3752619,81,0,3,0,0,91.5,76.3,62.7,67
"1232",16,44,3752619,82,0,3,0,0,62.4,66,54.7,68.7
"1233",16,44,3752619,83,0,3,0,0,70.3,61.6,64,67.3
"1234",16,44,3752619,84,0,3,0,0,64,68.1,118.6,51.1
"1235",16,44,3752619,85,0,3,0,0,87.1,80,118.6,39.1
"1236",16,44,3752619,86,0,3,0,0,114,36,117.5,58.8
"1237",16,44,3752619,87,0,3,0,0,120,80,79.1,72.6
"1238",16,44,3752619,88,0,3,0,0,31.5,78.3,36.9,0
"1239",16,44,3752619,89,0,3,0,0,46.2,9.2,30.2,65.7
